potencial,negocio,nicho,cidade,site,nota_site,builder,booking,ano_copyright,instagram,seguidores_ig,emails,diagnostico_site,como_abordar,screenshot
"9","Macron Mobile Auto Detailing in Columbus","detailing","Columbus, OH","macronmobile.com","2","custom/desconhecido","nao","2013","","","","Site de 2013 com botoes bisotados; detailing premium (pacotes de USD 350) = tem caixa; redesign completo + booking","SEM IG e SEM e-mail no site. Ache 'Macron Mobile Detailing Columbus' no Google Maps/Facebook, ou use o formulário do próprio site. Gancho: mande a prévia junto de 'seu trabalho é premium, o site está em 2013'. Alvo nº1 da lista.","prospeccao/fotos/macronmobile.com.png"
"8","Octopus Car Washes in Florida","car wash","Orlando, FL","octopuscarwashflorida.com","3","WordPress","sim","","","","","Layout anos 2000, logo clipart, fundo de bolhas; 2 unidades familiares; redesign + booking","SEM canal direto no site. Procure 'Octopus Car Wash' no Maps/Facebook. Gancho: print lado a lado (bolhas e clipart) contra a prévia moderna. 2 unidades familiares = fala com o dono.","prospeccao/fotos/octopuscarwashflorida.com.png"
"8","Car Wash","car wash","Phoenix, AZ","pvcarwash.com","3","custom/desconhecido","nao","","","","","Template generico ~2010, 1 unidade + loja de conveniencia; redesign completo","SEM canal direto no site. Buscar no Maps/Facebook. Gancho: 1 unidade + loja de conveniência; prévia com serviços, preços e horário bem visíveis.","prospeccao/fotos/pvcarwash.com.png"
"8","Curbside Mobile Detailing®","detailing","Columbus, OH","curbsidemobiledetailing.com","3","custom/desconhecido","sim","2025","@curbsidemobiledetailing","1,583","info@curbsidemobiledetailing.com","No ar desde 2001, layout 2012, embed YouTube antigo; historia forte pra contar num site novo","DM no @curbsidemobiledetailing (1.583) ou e-mail info@. Gancho: no ar desde 2001 é história forte que o site atual esconde; prévia destacando os 20+ anos.","prospeccao/fotos/curbsidemobiledetailing.com.png"
"8","Karate Orlando","martial arts","Orlando, FL","championshipmartialarts.com","3","WordPress","nao","2026","","","p.paquet@d-a-m.ca / holsej@pakskarate.com / capecoral@randori-pro.com","Hero quebrado (secao em branco, form solto); multi-unidades em Orlando; consertar = venda facil de mostrar","CUIDADO: os e-mails são de outras franquias. Ache a unidade de Orlando no Maps. Gancho: o hero da home está QUEBRADO (seção em branco com formulário solto); o print é o argumento mais fácil da lista inteira.","prospeccao/fotos/championshipmartialarts.com.png"
"8","ᐅ #1 Mobile Pet Grooming in Doral, Flori","pet grooming","Orlando, FL","purrfectgrooming.pet","3","WordPress","sim","2019","@purrfectgrooming.pet","4,980","contactus@purrfectgrooming.pet","Hero quebrado com sobreposicao de logo; frota adesivada (investe em marca); ATENCAO: sede em Doral/Miami","DM no @purrfectgrooming.pet (4.980) ou e-mail contactus@. Gancho: hero quebrado com logo sobreposto; frota adesivada mostra que investem em marca, mas o site não acompanha. Confirme a cidade antes (parece Doral, não Orlando).","prospeccao/fotos/purrfectgrooming.pet.png"
"8","Tree Service In Kansas City MO","tree service","Kansas City, MO","choicetreeservicekc.com","3","custom/desconhecido","nao","2011","","","","Copyright 2011, template bootstrap velho, form denso; negocio real com 2 telefones","SEM canal direto. Maps/Facebook. Gancho: copyright 2011 e formulário denso; prévia com pedido de orçamento em 3 campos.","prospeccao/fotos/choicetreeservicekc.com.png"
"7","Phoenix Auto Repair","auto repair","Phoenix, AZ","phoenixautoshop.com","4","WordPress","sim","2026","","","mickey@phoenixautoshop.com","Divi roxo datado ~2015; oficina familiar desde 1979; email do dono (mickey@) exposto no site","E-mail DIRETO DO DONO: mickey@phoenixautoshop.com. Gancho: oficina de família desde 1979 com site Divi roxo de 2015; prévia que respeite a história e mostre agendamento.","prospeccao/fotos/phoenixautoshop.com.png"
"7","Anytime Touchless Car Wash Phoenix","car wash","Phoenix, AZ","touchlesscarwash.com","4","WordPress","nao","2026","","","","Visual datado, video com texto arial; rede local pequena de Phoenix","SEM canal direto. Maps. Gancho: visual datado com texto em Arial sobre vídeo; rede local pequena de Phoenix.","prospeccao/fotos/touchlesscarwash.com.png"
"7","San Antonio Fence Company","fencing","San Antonio, TX","sanantoniofencecompany.net","4","Weebly","nao","","","","","Weebly DIY, tipografia generica, fotos reais; dono fez sozinho","SEM canal direto. Maps/Facebook. Gancho: Weebly feito pelo próprio dono, ele já sabe que o site é fraco; prévia com galeria das cercas reais.","prospeccao/fotos/sanantoniofencecompany.net.png"
"7","Western Heating & Air Conditioning","hvac","Boise, ID","westernhvac.com","4","Squarespace","sim","2026","@westernhvac","2,281","csr@westernhvac.com / tom@westernhvac.com / max@westernhvac.com","Logo 3D anos 2000, botoes de ticket; desde 1967, Carrier dealer = caixa; decisao pode ser lenta","E-mail tom@ ou max@ (parecem os sócios) ou DM @westernhvac (2.281). Gancho: desde 1967 e Carrier dealer, mas logo 3D dos anos 2000. Empresa grande: espere decisão mais lenta.","prospeccao/fotos/westernhvac.com.png"
"7","Landscape Company","landscaping","Columbus, OH","sciotolandscaping.com","4","custom/desconhecido","nao","","","","info@sciotolandscaping.com","Template 2012 com foto de banco de imagem; info@ visivel no header","E-mail info@sciotolandscaping.com. Gancho: template de 2012 usando FOTO DE BANCO DE IMAGEM; prévia com os jardins reais que eles fizeram.","prospeccao/fotos/sciotolandscaping.com.png"
"7","Painting Services in Gastonia, Belmont, ","painting","Charlotte, NC","straightedgepaintingpros.com","4","WordPress","nao","2026","","","straightedgepp@gmail.com","Logo clipart, WP basico; 49 reviews 4.8 = negocio bom com site fraco","E-mail straightedgepp@gmail.com (Gmail = negócio pequeno, o dono lê). Gancho: 49 avaliações 4.8 estrelas e o site não mostra isso em lugar nenhum.","prospeccao/fotos/straightedgepaintingpros.com.png"
"7","All Creatures Pet Grooming","pet grooming","Orlando, FL","allcreaturespetgrooming.com","4","Wix","sim","2024","@allcreaturespetgrooming","3,277","info@allcreaturespetgrooming.com","Wix DIY com logo duplicado gigante e layout desalinhado; tem booking","DM no @allcreaturespetgrooming (3.277) ou e-mail info@. Gancho: Wix com logo duplicado gigante e layout desalinhado; print lado a lado resolve a conversa.","prospeccao/fotos/allcreaturespetgrooming.com.png"
"6","Bloom Baking Co.","bakery","Kansas City, MO","bloombakingco.com","5","custom/desconhecido","sim","2026","@bloombakingco","4,204","","Layout ~2015 (Duda), logo simples; padaria artesanal com IG","DM no @bloombakingco (4.204). SEM e-mail no site. Gancho: padaria artesanal bonita com site sem graça; prévia com as fotos dos produtos que já postam no IG.","prospeccao/fotos/bloombakingco.com.png"
"6","Car wash in Tampa","car wash","Tampa, FL","bluswancarwashtampa.com","5","GoDaddy","nao","2026","","","bluswancarwash@gmail.com","GoDaddy DIY, 1 unidade; template razoavel mas generico","E-mail bluswancarwash@gmail.com. Gancho: GoDaddy DIY genérico; prévia com planos e preços claros.","prospeccao/fotos/bluswancarwashtampa.com.png"
"6","Fence Contractor — San Antonio, TX — Ala","fencing","San Antonio, TX","alamofencesa.com","4","custom/desconhecido","nao","","@alamofencesa","88","customerservice@alamofencesa.com","Layout centrado antigo; customerservice@ exposto; negocio estabelecido","E-mail customerservice@alamofencesa.com. Gancho: layout centrado antigo. Extra: o IG tem só 88 seguidores, dá pra oferecer site + presença social.","prospeccao/fotos/alamofencesa.com.png"
"6","Boise HVAC","hvac","Boise, ID","ims365hvac.com","5","WordPress","nao","","","","service@ims365hvac.com","WP generico, hero cru; empresa 25+ anos","E-mail service@ims365hvac.com. Gancho: 25+ anos de experiência num WordPress genérico com hero cru.","prospeccao/fotos/ims365hvac.com.png"
"6","Martial Arts World Orlando","martial arts","Orlando, FL","martialartsworldorlando.com","5","WordPress","nao","","@maworlando","1,049","orlandoadmin@mawus.com","Logo anos 90, layout mediano; academia local com programas","DM no @maworlando (1.049) ou e-mail orlandoadmin@. Gancho: logo dos anos 90; prévia com formulário de aula experimental, que é como academia capta.","prospeccao/fotos/martialartsworldorlando.com.png"
"6","Power Wash Pro Plus","pressure washing","Jacksonville, FL","powerwashproplus.com","5","Squarespace","nao","","@powerwashproplus","7","powerwashproplus@gmail.com","Squarespace generico, logo clipart, hero fraco; facil mostrar upgrade","E-mail powerwashproplus@gmail.com. Gancho: Squarespace genérico com logo clipart. O IG tem 7 seguidores: está começando do zero, bom candidato a site + social.","prospeccao/fotos/powerwashproplus.com.png"
"6","Columbus Tattoo Artists","tattoo","Columbus, OH","tatsbywes.com","5","custom/desconhecido","sim","2024","@wes_tattoos_columbus","11K","tatsbywes97@gmail.com","Artista solo desde 1997; site simples escuro; decisao rapida, IG e a vida do tatuador","DM no @wes_tattoos_columbus (11K seguidores!). Gancho: artista solo desde 1997, decisão rápida e sem comitê; IG forte mas site simples, prévia com galeria destacada.","prospeccao/fotos/tatsbywes.com.png"
"5","Bubble Down Car Wash Tampa Bay","car wash","Tampa, FL","bubbledown.com","5","WordPress","nao","2016","@bubbledowncarwash","3,598","info@bubbledown.com","Site ok porem copyright 2016; IG ativo 3.5k; abordagem por relacionamento","Morno: so vale se sobrar tempo depois dos quentes. Canal: DM em @bubbledowncarwash.","prospeccao/fotos/bubbledown.com.png"
"5","Fence Installation in San Antonio, TX","fencing","San Antonio, TX","gsfence.com","5","Squarespace","nao","2026","","","gsfencecompany@gmail.com","Site decente mas email no Gmail (DIY vibe); familia","Morno: so vale se sobrar tempo depois dos quentes. Canal: e-mail do site.","prospeccao/fotos/gsfence.com.png"
"5","Home","landscaping","Columbus, OH","buckandsons.com","5","WordPress","nao","","@buck_and_sons","827","greatoutdoors@buckandsons.com","Desde 1971, site funcional porem datado; empresa grande familiar","Morno: so vale se sobrar tempo depois dos quentes. Canal: DM em @buck_and_sons.","prospeccao/fotos/buckandsons.com.png"
"5","Serenity Nail Bar Nashville","nail salon","Nashville, TN","serenitynashville.com","5","custom/desconhecido","nao","2022","@serenitynashville","346","info@serenitynashville.com","Site limpo mas datado (2022); nail bar bonito","Morno: so vale se sobrar tempo depois dos quentes. Canal: DM em @serenitynashville.","prospeccao/fotos/serenitynashville.com.png"
"5","Interior & Exterior Painting Contractors","painting","Charlotte, NC","paintingcharlotte.com","5","WordPress","nao","","@propaintingcharlotte","2","info@propaintingcharlotte.com","Logo anos 2000, layout denso; info@ visivel","Morno: so vale se sobrar tempo depois dos quentes. Canal: DM em @propaintingcharlotte.","prospeccao/fotos/paintingcharlotte.com.png"
"5","JET, Jacksonville Exterior team","pressure washing","Jacksonville, FL","jetexterior.com","5","Wix","sim","2022","@jet_exterior","651","jetjexcontact@gmail.com / smm@jetexterior.com","Wix razoavel, logo fraco; IG 651","Morno: so vale se sobrar tempo depois dos quentes. Canal: DM em @jet_exterior.","prospeccao/fotos/jetexterior.com.png"
"5","Tree Care Company","tree service","Kansas City, MO","countryclubtreeservice.com","5","custom/desconhecido","nao","2026","","","cctree3@yahoo.com","Desde 1957; template funcional datado-ish","Morno: so vale se sobrar tempo depois dos quentes. Canal: e-mail do site.","prospeccao/fotos/countryclubtreeservice.com.png"
"4","McLain's","bakery","Kansas City, MO","mclainskc.com","6","Squarespace","nao","","@mclainsmarketkc","27K","","Squarespace ok, hero com contraste ruim; desde 1945","Morno: so vale se sobrar tempo depois dos quentes. Canal: DM em @mclainsmarketkc.","prospeccao/fotos/mclainskc.com.png"
"4","Squeeky's Car Wash","car wash","Tampa, FL","squeekyscarwash.com","6","WordPress","nao","2026","@squeekyscarwash","927","support@squeekyscarwash.com","Template moderno ok; pouca dor aparente","Morno: so vale se sobrar tempo depois dos quentes. Canal: DM em @squeekyscarwash.","prospeccao/fotos/squeekyscarwash.com.png"
"4","San Antonio Fence Company","fencing","San Antonio, TX","comalfence.com","6","WordPress","nao","2026","@comalfencesa","303","sales@comalfence.com","Razoavel e funcional","Morno: so vale se sobrar tempo depois dos quentes. Canal: DM em @comalfencesa.","prospeccao/fotos/comalfence.com.png"
"4","Fitness Gym & Classes in Boise, Idaho","gym","Boise, ID","functionalidaho.com","6","WordPress","sim","2026","@functional.idaho","15K","","Carregado mas funcional; 630 reviews; familia","Morno: so vale se sobrar tempo depois dos quentes. Canal: DM em @functional.idaho.","prospeccao/fotos/functionalidaho.com.png"
"4","McDaniel's Lawn Care and Landscaping","lawn care","Jacksonville, FL","mcdanielslawncare.com","6","WordPress","sim","2021","@mcdaniels_landscaping","186","mike@mcdanielslawncare.com / krischislett@gmail.com","Site razoavel com bug visual no hero; mike@ exposto","Morno: so vale se sobrar tempo depois dos quentes. Canal: DM em @mcdaniels_landscaping.","prospeccao/fotos/mcdanielslawncare.com.png"
"4","Pressure Washing Jacksonville, FL","pressure washing","Jacksonville, FL","pressurewashjacksonvillefl.com","6","WordPress","nao","2026","@boldwashjacksonville","0","hello@boldwashjacksonville.com","Site ok generico; IG com 0 seguidores = comecando presenca social","Morno: so vale se sobrar tempo depois dos quentes. Canal: DM em @boldwashjacksonville.","prospeccao/fotos/pressurewashjacksonvillefl.com.png"
"4","Kansas City Tree Services","tree service","Kansas City, MO","kansascitytreeservices.net","5","custom/desconhecido","nao","2025","","","info@kansascitytreeservices.net","SUSPEITA de lead-broker: telefone placeholder 816-555-7890 na foto; verificar se e negocio real","Morno: so vale se sobrar tempo depois dos quentes. Canal: e-mail do site.","prospeccao/fotos/kansascitytreeservices.net.png"
"3","Auto Repair Shop Phoenix AZ","auto repair","Phoenix, AZ","autorepairshopphoenix.com","7","custom/desconhecido","sim","2026","","","info@perezautorepairs.com","Moderno com social proof; desde 1976","NAO abordar para venda: o site ja e bom (ou e rede grande com agencia). Use so para seguir e comentar, para entrar no grafo do nicho.","prospeccao/fotos/autorepairshopphoenix.com.png"
"3","Auto Repair Shop Phoenix AZ","auto repair","Phoenix, AZ","tbirdauto.com","7","WordPress","sim","","","","","Moderno com fotos reais da equipe","NAO abordar para venda: o site ja e bom (ou e rede grande com agencia). Use so para seguir e comentar, para entrar no grafo do nicho.","prospeccao/fotos/tbirdauto.com.png"
"3","Joe’s Express Carwash","car wash","Orlando, FL","joescarwashes.com","8","custom/desconhecido","sim","2026","@joescarwashfl","57","","Site bom; IG com so 57 seguidores (oportunidade social, nao site)","NAO abordar para venda: o site ja e bom (ou e rede grande com agencia). Use so para seguir e comentar, para entrar no grafo do nicho.","prospeccao/fotos/joescarwashes.com.png"
"3","AquaShine Express Car Wash","car wash","Orlando, FL","aquashineexpress.com","8","custom/desconhecido","sim","2026","@aquashineexpress","438","support@aquashineexpress.com","Site moderno bom","NAO abordar para venda: o site ja e bom (ou e rede grande com agencia). Use so para seguir e comentar, para entrar no grafo do nicho.","prospeccao/fotos/aquashineexpress.com.png"
"3","Woodies Wash Shack","car wash","Tampa, FL","woodieswash.com","7","WordPress","nao","2026","@woodieswashshack","10K","info@woodieswash.com","Marca forte, 18+ unidades, IG 10K; provavelmente tem agencia","NAO abordar para venda: o site ja e bom (ou e rede grande com agencia). Use so para seguir e comentar, para entrar no grafo do nicho.","prospeccao/fotos/woodieswash.com.png"
"3","Home","car wash","Tampa, FL","bigdanscarwash.com","7","WordPress","nao","2026","@bigdanscarwash","2,433","","Site moderno; rede regional","NAO abordar para venda: o site ja e bom (ou e rede grande com agencia). Use so para seguir e comentar, para entrar no grafo do nicho.","prospeccao/fotos/bigdanscarwash.com.png"
"3","Experience AquaSonic Car Wash","car wash","Tampa, FL","aquasoniccarwash.com","7","WordPress","nao","2026","@aquasoniccarwash","1,992","info@aquasoniccarwash.com","Site moderno","NAO abordar para venda: o site ja e bom (ou e rede grande com agencia). Use so para seguir e comentar, para entrar no grafo do nicho.","prospeccao/fotos/aquasoniccarwash.com.png"
"3","Fence Installation and Repair Company","fencing","San Antonio, TX","johnsonservicescompany.com","8","WordPress","sim","2026","@Johnsonservicescompany","26","","Grande (4 cidades TX), video no hero","NAO abordar para venda: o site ja e bom (ou e rede grande com agencia). Use so para seguir e comentar, para entrar no grafo do nicho.","prospeccao/fotos/johnsonservicescompany.com.png"
"3","Idaho Fitness Factory 24/7 Local Gym","gym","Boise, ID","idahofitnessfactory.com","7","WordPress","nao","","@idahofitnessfactory","6,724","admin@idahofitnessfactory.com","Moderno; 10+ unidades","NAO abordar para venda: o site ja e bom (ou e rede grande com agencia). Use so para seguir e comentar, para entrar no grafo do nicho.","prospeccao/fotos/idahofitnessfactory.com.png"
"3","Fox Heating and Cooling","hvac","Boise, ID","foxhvacpro.com","8","custom/desconhecido","sim","2026","@foxheatingandcooling","67","info@foxhvacpro.com","Moderno, badges 2026","NAO abordar para venda: o site ja e bom (ou e rede grande com agencia). Use so para seguir e comentar, para entrar no grafo do nicho.","prospeccao/fotos/foxhvacpro.com.png"
"3","Charlotte Paint Squad","painting","Charlotte, NC","charlottepaintsquad.com","7","WordPress","nao","2026","@charlottepaintsquad","894","paintsquadcharlotte@gmail.com","Lead-gen moderno","NAO abordar para venda: o site ja e bom (ou e rede grande com agencia). Use so para seguir e comentar, para entrar no grafo do nicho.","prospeccao/fotos/charlottepaintsquad.com.png"
"3","Groombar","pet grooming","Orlando, FL","groombar.com","7","custom/desconhecido","sim","2026","@groombarsalon","343","info@groombar.com","Moderno; franchising no menu","NAO abordar para venda: o site ja e bom (ou e rede grande com agencia). Use so para seguir e comentar, para entrar no grafo do nicho.","prospeccao/fotos/groombar.com.png"
"3","Pressure Washing Jacksonville FL","pressure washing","Jacksonville, FL","coraljaxpressurewashing.com","8","custom/desconhecido","nao","2025","","","info@coraljaxpressurewashing.com","Site bom com precos claros","NAO abordar para venda: o site ja e bom (ou e rede grande com agencia). Use so para seguir e comentar, para entrar no grafo do nicho.","prospeccao/fotos/coraljaxpressurewashing.com.png"
"3","Pressure Washing in Jacksonville FL","pressure washing","Jacksonville, FL","pressurewashinginjacksonvillefl.com","7","WordPress","sim","2026","","","info@pressurewashinginjacksonvillefl.com","Moderno decente","NAO abordar para venda: o site ja e bom (ou e rede grande com agencia). Use so para seguir e comentar, para entrar no grafo do nicho.","prospeccao/fotos/pressurewashinginjacksonvillefl.com.png"
"3","Pressure Washing Jacksonville FL","pressure washing","Jacksonville, FL","jaxpropressurewash.com","8","custom/desconhecido","sim","2026","","","hello@jacksonvillewasher.com","Site moderno bonito; hello@ exposto","NAO abordar para venda: o site ja e bom (ou e rede grande com agencia). Use so para seguir e comentar, para entrar no grafo do nicho.","prospeccao/fotos/jaxpropressurewash.com.png"
"3","Arborist Leawood","tree service","Kansas City, MO","kcarborist.com","7","custom/desconhecido","sim","","@kcarboristtreecare","941","info@kcarborist.com","Site ok com badges de rating","NAO abordar para venda: o site ja e bom (ou e rede grande com agencia). Use so para seguir e comentar, para entrar no grafo do nicho.","prospeccao/fotos/kcarborist.com.png"
"3","Tree Service in Kansas City","tree service","Kansas City, MO","kctreecareks.com","7","WordPress","nao","2026","","","","Lead-gen competente","NAO abordar para venda: o site ja e bom (ou e rede grande com agencia). Use so para seguir e comentar, para entrar no grafo do nicho.","prospeccao/fotos/kctreecareks.com.png"
"2","Auto Repair Shop Phoenix AZ","auto repair","Phoenix, AZ","azautoshop.com","9","custom/desconhecido","sim","2026","","","info@azautoshop.com / you@email.com","Site excelente","NAO abordar para venda: o site ja e bom (ou e rede grande com agencia). Use so para seguir e comentar, para entrar no grafo do nicho.","prospeccao/fotos/azautoshop.com.png"
"2","Unlimited Car Washes","car wash","Phoenix, AZ","superstarcarwashaz.com","7","WordPress","nao","2022","@superstarcarwashes","17K","","Rede grande AZ, IG 17K","NAO abordar para venda: o site ja e bom (ou e rede grande com agencia). Use so para seguir e comentar, para entrar no grafo do nicho.","prospeccao/fotos/superstarcarwashaz.com.png"
"2","Tidy Casa","cleaning","Phoenix, AZ","tidycasa.com","8","WordPress","sim","2026","","","support@tidycasa.com","Moderno com booking 60s","NAO abordar para venda: o site ja e bom (ou e rede grande com agencia). Use so para seguir e comentar, para entrar no grafo do nicho.","prospeccao/fotos/tidycasa.com.png"
"2","Mobile Detailing Expert","detailing","Columbus, OH","mobiledetailingexpert.com","8","custom/desconhecido","sim","2026","@Mobiledetailingexpert","765","info@mobiledetailingexpert.com","Plataforma 80+ cidades, nao local","NAO abordar para venda: o site ja e bom (ou e rede grande com agencia). Use so para seguir e comentar, para entrar no grafo do nicho.","prospeccao/fotos/mobiledetailingexpert.com.png"
"2","Lucas Mobile Car Detailing in Columbus","detailing","Columbus, OH","lucasdetailingcolumbus.com","8","custom/desconhecido","sim","2024","","","info@lucasdetailingcolumbus.com","Moderno bonito","NAO abordar para venda: o site ja e bom (ou e rede grande com agencia). Use so para seguir e comentar, para entrar no grafo do nicho.","prospeccao/fotos/lucasdetailingcolumbus.com.png"
"2","Heating & Air Conditioning Company Boise","hvac","Boise, ID","callpeppy.com","9","WordPress","sim","","@peppyheatingcooling","","","Branding forte com mascote","NAO abordar para venda: o site ja e bom (ou e rede grande com agencia). Use so para seguir e comentar, para entrar no grafo do nicho.","prospeccao/fotos/callpeppy.com.png"
"2","Trusted Lawn Care & Pest Control","lawn care","Jacksonville, FL","fairwaylawns.com","7","WordPress","sim","2026","@fairwaylawns","1,642","","Rede multi-estado, 78k reviews","NAO abordar para venda: o site ja e bom (ou e rede grande com agencia). Use so para seguir e comentar, para entrar no grafo do nicho.","prospeccao/fotos/fairwaylawns.com.png"
"2","Natural Nail Salon & Beauty Boutique in ","nail salon","Nashville, TN","poppyandmonroe.com","8","Squarespace","sim","","@poppyandmonroe","17K","hello@poppyandmonroe.com","Squarespace minimal chique","NAO abordar para venda: o site ja e bom (ou e rede grande com agencia). Use so para seguir e comentar, para entrar no grafo do nicho.","prospeccao/fotos/poppyandmonroe.com.png"
"2","Best Mobile Dog Groomer","pet grooming","Orlando, FL","zoomingroomin.com","8","WordPress","sim","","","","","Moderno; escala nacional","NAO abordar para venda: o site ja e bom (ou e rede grande com agencia). Use so para seguir e comentar, para entrar no grafo do nicho.","prospeccao/fotos/zoomingroomin.com.png"
"2","Nashville Roofing Company","roofing","Nashville, TN","billraganroofing.com","9","custom/desconhecido","nao","2026","@billraganroofing","482","","Site forte estilo HubSpot com calculadora","NAO abordar para venda: o site ja e bom (ou e rede grande com agencia). Use so para seguir e comentar, para entrar no grafo do nicho.","prospeccao/fotos/billraganroofing.com.png"
"2","Nashville Roof Repair & Replacement","roofing","Nashville, TN","nashvilleroofingco.com","8","WordPress","sim","2026","@nashroofingco","694","info@nashvilleroofingco.com","Moderno forte","NAO abordar para venda: o site ja e bom (ou e rede grande com agencia). Use so para seguir e comentar, para entrar no grafo do nicho.","prospeccao/fotos/nashvilleroofingco.com.png"
"2","Ultrashade Tattoos","tattoo","Columbus, OH","ultrashadetattoos.com","8","Squarespace","sim","","@ultrashadetattoos","6,756","ultrashadetattoos@gmail.com","Site premium chique","NAO abordar para venda: o site ja e bom (ou e rede grande com agencia). Use so para seguir e comentar, para entrar no grafo do nicho.","prospeccao/fotos/ultrashadetattoos.com.png"
"1","Tidal Wave Auto Spa","car wash","Orlando, FL","tidalwaveautospa.com","8","WordPress","nao","2026","@tidalwaveautospa","4,431","","Corporacao 200+ unidades","NAO abordar para venda: o site ja e bom (ou e rede grande com agencia). Use so para seguir e comentar, para entrar no grafo do nicho.","prospeccao/fotos/tidalwaveautospa.com.png"
"1","Autobell® Car Wash","car wash","Charlotte, NC","autobell.com","7","custom/desconhecido","nao","","@AutoBellCarWash","6,132","","Corporacao 75+ unidades","NAO abordar para venda: o site ja e bom (ou e rede grande com agencia). Use so para seguir e comentar, para entrar no grafo do nicho.","prospeccao/fotos/autobell.com.png"